transaction_id,beneficiary_name,date,time,amount,account_number
200,Alice,26-11-2024,10:00:00 AM,1000,ACC200
201,Bob,26-11-2024,10:05:00 AM,1500,ACC201
202,Charlie,26-11-2024,10:10:00 AM,2000,ACC202
203,Dave,26-11-2024,10:15:00 AM,2500,ACC203
204,Eve,26-11-2024,10:20:00 AM,3000,ACC204
205,Frank,26-11-2024,10:25:00 AM,3500,ACC205
206,Grace,26-11-2024,10:30:00 AM,4000,ACC206
207,Hank,26-11-2024,10:35:00 AM,4500,ACC207
208,Ivy,26-11-2024,10:40:00 AM,5000,ACC208
209,Jack,26-11-2024,10:45:00 AM,5500,ACC209
210,Kate,26-11-2024,10:50:00 AM,6000,ACC210
211,Liam,26-11-2024,10:55:00 AM,6500,ACC211
212,Mia,26-11-2024,11:00:00 AM,7000,ACC212
213,Nate,26-11-2024,11:05:00 AM,7500,ACC213
214,Olivia,26-11-2024,11:10:00 AM,8000,ACC214
215,Paul,26-11-2024,11:15:00 AM,8500,ACC215
216,Quinn,26-11-2024,11:20:00 AM,9000,ACC216
217,Rachel,26-11-2024,11:25:00 AM,9500,ACC217
218,Steve,26-11-2024,11:30:00 AM,10000,ACC218
219,Tina,26-11-2024,11:35:00 AM,10500,ACC219
220,Uma,26-11-2024,11:40:00 AM,11000,ACC220
221,Vince,26-11-2024,11:45:00 AM,11500,ACC221
222,Wendy,26-11-2024,11:50:00 AM,12000,ACC222
223,Xander,26-11-2024,11:55:00 AM,12500,ACC223
224,Yara,26-11-2024,12:00:00 PM,13000,ACC224
225,Zack,26-11-2024,12:05:00 PM,13500,ACC225
226,Anna,26-11-2024,12:10:00 PM,14000,ACC226
227,Brian,26-11-2024,12:15:00 PM,14500,ACC227
228,Chloe,26-11-2024,12:20:00 PM,15000,ACC228
229,Dylan,26-11-2024,12:25:00 PM,15500,ACC229
230,Ella,26-11-2024,12:30:00 PM,16000,ACC230
231,Frankie,26-11-2024,12:35:00 PM,16500,ACC231
232,Gina,26-11-2024,12:40:00 PM,17000,ACC232
233,Hugo,26-11-2024,12:45:00 PM,17500,ACC233
234,Iris,26-11-2024,12:50:00 PM,18000,ACC234
235,Josh,26-11-2024,12:55:00 PM,18500,ACC235
236,Karen,26-11-2024,01:00:00 PM,19000,ACC236
237,Luke,26-11-2024,01:05:00 PM,19500,ACC237
238,Maya,26-11-2024,01:10:00 PM,20000,ACC238
239,Noah,26-11-2024,01:15:00 PM,20500,ACC239
240,Opal,26-11-2024,01:20:00 PM,21000,ACC240
241,Peter,26-11-2024,01:25:00 PM,21500,ACC241
242,Quincy,26-11-2024,01:30:00 PM,22000,ACC242
243,Rita,26-11-2024,01:35:00 PM,22500,ACC243
244,Sam,26-11-2024,01:40:00 PM,23000,ACC244
245,Tess,26-11-2024,01:45:00 PM,23500,ACC245
246,Ulysses,26-11-2024,01:50:00 PM,24000,ACC246
247,Victoria,26-11-2024,01:55:00 PM,24500,ACC247
248,Will,26-11-2024,02:00:00 PM,25000,ACC248
249,Zoe,26-11-2024,02:05:00 PM,25500,ACC249
